,lat,lon,onset_threshold
1,3.0,33.0,20
2,3.0,33.25,20
3,3.0,33.5,20
4,3.0,33.75,20
5,3.0,34.0,20
6,3.0,34.25,20
7,3.0,34.5,20
8,3.0,34.75,20
9,3.0,35.0,20
10,3.0,35.25,20
11,3.0,35.5,20
12,3.0,35.75,20
13,3.0,36.0,20
14,3.0,36.25,20
15,3.0,36.5,20
16,3.0,36.75,20
17,3.0,37.0,20
18,3.0,37.25,20
19,3.0,37.5,20
20,3.0,37.75,20
21,3.0,38.0,20
22,3.0,38.25,20
23,3.0,38.5,20
24,3.0,38.75,20
25,3.0,39.0,20
26,3.0,39.25,20
27,3.0,39.5,20
28,3.0,39.75,20
29,3.0,40.0,20
30,3.0,40.25,20
31,3.0,40.5,20
32,3.0,40.75,20
33,3.0,41.0,20
34,3.0,41.25,20
35,3.0,41.5,20
36,3.0,41.75,20
37,3.0,42.0,20
38,3.0,42.25,20
39,3.0,42.5,20
40,3.0,42.75,20
41,3.0,43.0,20
42,3.0,43.25,20
43,3.0,43.5,20
44,3.0,43.75,20
45,3.0,44.0,20
46,3.0,44.25,20
47,3.0,44.5,20
48,3.0,44.75,20
49,3.0,45.0,20
50,3.0,45.25,20
51,3.0,45.5,20
52,3.0,45.75,20
53,3.0,46.0,20
54,3.0,46.25,20
55,3.0,46.5,20
56,3.0,46.75,20
57,3.0,47.0,20
58,3.0,47.25,20
59,3.0,47.5,20
60,3.0,47.75,20
61,3.0,48.0,20
62,3.25,33.0,20
63,3.25,33.25,20
64,3.25,33.5,20
65,3.25,33.75,20
66,3.25,34.0,20
67,3.25,34.25,20
68,3.25,34.5,20
69,3.25,34.75,20
70,3.25,35.0,20
71,3.25,35.25,20
72,3.25,35.5,20
73,3.25,35.75,20
74,3.25,36.0,20
75,3.25,36.25,20
76,3.25,36.5,20
77,3.25,36.75,20
78,3.25,37.0,20
79,3.25,37.25,20
80,3.25,37.5,20
81,3.25,37.75,20
82,3.25,38.0,20
83,3.25,38.25,20
84,3.25,38.5,20
85,3.25,38.75,20
86,3.25,39.0,20
87,3.25,39.25,20
88,3.25,39.5,20
89,3.25,39.75,20
90,3.25,40.0,20
91,3.25,40.25,20
92,3.25,40.5,20
93,3.25,40.75,20
94,3.25,41.0,20
95,3.25,41.25,20
96,3.25,41.5,20
97,3.25,41.75,20
98,3.25,42.0,20
99,3.25,42.25,20
100,3.25,42.5,20
101,3.25,42.75,20
102,3.25,43.0,20
103,3.25,43.25,20
104,3.25,43.5,20
105,3.25,43.75,20
106,3.25,44.0,20
107,3.25,44.25,20
108,3.25,44.5,20
109,3.25,44.75,20
110,3.25,45.0,20
111,3.25,45.25,20
112,3.25,45.5,20
113,3.25,45.75,20
114,3.25,46.0,20
115,3.25,46.25,20
116,3.25,46.5,20
117,3.25,46.75,20
118,3.25,47.0,20
119,3.25,47.25,20
120,3.25,47.5,20
121,3.25,47.75,20
122,3.25,48.0,20
123,3.5,33.0,20
124,3.5,33.25,20
125,3.5,33.5,20
126,3.5,33.75,20
127,3.5,34.0,20
128,3.5,34.25,20
129,3.5,34.5,20
130,3.5,34.75,20
131,3.5,35.0,20
132,3.5,35.25,20
133,3.5,35.5,20
134,3.5,35.75,20
135,3.5,36.0,20
136,3.5,36.25,20
137,3.5,36.5,20
138,3.5,36.75,20
139,3.5,37.0,20
140,3.5,37.25,20
141,3.5,37.5,20
142,3.5,37.75,20
143,3.5,38.0,20
144,3.5,38.25,20
145,3.5,38.5,20
146,3.5,38.75,20
147,3.5,39.0,20
148,3.5,39.25,20
149,3.5,39.5,20
150,3.5,39.75,20
151,3.5,40.0,20
152,3.5,40.25,20
153,3.5,40.5,20
154,3.5,40.75,20
155,3.5,41.0,20
156,3.5,41.25,20
157,3.5,41.5,20
158,3.5,41.75,20
159,3.5,42.0,20
160,3.5,42.25,20
161,3.5,42.5,20
162,3.5,42.75,20
163,3.5,43.0,20
164,3.5,43.25,20
165,3.5,43.5,20
166,3.5,43.75,20
167,3.5,44.0,20
168,3.5,44.25,20
169,3.5,44.5,20
170,3.5,44.75,20
171,3.5,45.0,20
172,3.5,45.25,20
173,3.5,45.5,20
174,3.5,45.75,20
175,3.5,46.0,20
176,3.5,46.25,20
177,3.5,46.5,20
178,3.5,46.75,20
179,3.5,47.0,20
180,3.5,47.25,20
181,3.5,47.5,20
182,3.5,47.75,20
183,3.5,48.0,20
184,3.75,33.0,20
185,3.75,33.25,20
186,3.75,33.5,20
187,3.75,33.75,20
188,3.75,34.0,20
189,3.75,34.25,20
190,3.75,34.5,20
191,3.75,34.75,20
192,3.75,35.0,20
193,3.75,35.25,20
194,3.75,35.5,20
195,3.75,35.75,20
196,3.75,36.0,20
197,3.75,36.25,20
198,3.75,36.5,20
199,3.75,36.75,20
200,3.75,37.0,20
201,3.75,37.25,20
202,3.75,37.5,20
203,3.75,37.75,20
204,3.75,38.0,20
205,3.75,38.25,20
206,3.75,38.5,20
207,3.75,38.75,20
208,3.75,39.0,20
209,3.75,39.25,20
210,3.75,39.5,20
211,3.75,39.75,20
212,3.75,40.0,20
213,3.75,40.25,20
214,3.75,40.5,20
215,3.75,40.75,20
216,3.75,41.0,20
217,3.75,41.25,20
218,3.75,41.5,20
219,3.75,41.75,20
220,3.75,42.0,20
221,3.75,42.25,20
222,3.75,42.5,20
223,3.75,42.75,20
224,3.75,43.0,20
225,3.75,43.25,20
226,3.75,43.5,20
227,3.75,43.75,20
228,3.75,44.0,20
229,3.75,44.25,20
230,3.75,44.5,20
231,3.75,44.75,20
232,3.75,45.0,20
233,3.75,45.25,20
234,3.75,45.5,20
235,3.75,45.75,20
236,3.75,46.0,20
237,3.75,46.25,20
238,3.75,46.5,20
239,3.75,46.75,20
240,3.75,47.0,20
241,3.75,47.25,20
242,3.75,47.5,20
243,3.75,47.75,20
244,3.75,48.0,20
245,4.0,33.0,20
246,4.0,33.25,20
247,4.0,33.5,20
248,4.0,33.75,20
249,4.0,34.0,20
250,4.0,34.25,20
251,4.0,34.5,20
252,4.0,34.75,20
253,4.0,35.0,20
254,4.0,35.25,20
255,4.0,35.5,20
256,4.0,35.75,20
257,4.0,36.0,20
258,4.0,36.25,20
259,4.0,36.5,20
260,4.0,36.75,20
261,4.0,37.0,20
262,4.0,37.25,20
263,4.0,37.5,20
264,4.0,37.75,20
265,4.0,38.0,20
266,4.0,38.25,20
267,4.0,38.5,20
268,4.0,38.75,20
269,4.0,39.0,20
270,4.0,39.25,20
271,4.0,39.5,20
272,4.0,39.75,20
273,4.0,40.0,20
274,4.0,40.25,20
275,4.0,40.5,20
276,4.0,40.75,20
277,4.0,41.0,20
278,4.0,41.25,20
279,4.0,41.5,20
280,4.0,41.75,20
281,4.0,42.0,20
282,4.0,42.25,20
283,4.0,42.5,20
284,4.0,42.75,20
285,4.0,43.0,20
286,4.0,43.25,20
287,4.0,43.5,20
288,4.0,43.75,20
289,4.0,44.0,20
290,4.0,44.25,20
291,4.0,44.5,20
292,4.0,44.75,20
293,4.0,45.0,20
294,4.0,45.25,20
295,4.0,45.5,20
296,4.0,45.75,20
297,4.0,46.0,20
298,4.0,46.25,20
299,4.0,46.5,20
300,4.0,46.75,20
301,4.0,47.0,20
302,4.0,47.25,20
303,4.0,47.5,20
304,4.0,47.75,20
305,4.0,48.0,20
306,4.25,33.0,20
307,4.25,33.25,20
308,4.25,33.5,20
309,4.25,33.75,20
310,4.25,34.0,20
311,4.25,34.25,20
312,4.25,34.5,20
313,4.25,34.75,20
314,4.25,35.0,20
315,4.25,35.25,20
316,4.25,35.5,20
317,4.25,35.75,20
318,4.25,36.0,20
319,4.25,36.25,20
320,4.25,36.5,20
321,4.25,36.75,20
322,4.25,37.0,20
323,4.25,37.25,20
324,4.25,37.5,20
325,4.25,37.75,20
326,4.25,38.0,20
327,4.25,38.25,20
328,4.25,38.5,20
329,4.25,38.75,20
330,4.25,39.0,20
331,4.25,39.25,20
332,4.25,39.5,20
333,4.25,39.75,20
334,4.25,40.0,20
335,4.25,40.25,20
336,4.25,40.5,20
337,4.25,40.75,20
338,4.25,41.0,20
339,4.25,41.25,20
340,4.25,41.5,20
341,4.25,41.75,20
342,4.25,42.0,20
343,4.25,42.25,20
344,4.25,42.5,20
345,4.25,42.75,20
346,4.25,43.0,20
347,4.25,43.25,20
348,4.25,43.5,20
349,4.25,43.75,20
350,4.25,44.0,20
351,4.25,44.25,20
352,4.25,44.5,20
353,4.25,44.75,20
354,4.25,45.0,20
355,4.25,45.25,20
356,4.25,45.5,20
357,4.25,45.75,20
358,4.25,46.0,20
359,4.25,46.25,20
360,4.25,46.5,20
361,4.25,46.75,20
362,4.25,47.0,20
363,4.25,47.25,20
364,4.25,47.5,20
365,4.25,47.75,20
366,4.25,48.0,20
367,4.5,33.0,20
368,4.5,33.25,20
369,4.5,33.5,20
370,4.5,33.75,20
371,4.5,34.0,20
372,4.5,34.25,20
373,4.5,34.5,20
374,4.5,34.75,20
375,4.5,35.0,20
376,4.5,35.25,20
377,4.5,35.5,20
378,4.5,35.75,20
379,4.5,36.0,20
380,4.5,36.25,20
381,4.5,36.5,20
382,4.5,36.75,20
383,4.5,37.0,20
384,4.5,37.25,20
385,4.5,37.5,20
386,4.5,37.75,20
387,4.5,38.0,20
388,4.5,38.25,20
389,4.5,38.5,20
390,4.5,38.75,20
391,4.5,39.0,20
392,4.5,39.25,20
393,4.5,39.5,20
394,4.5,39.75,20
395,4.5,40.0,20
396,4.5,40.25,20
397,4.5,40.5,20
398,4.5,40.75,20
399,4.5,41.0,20
400,4.5,41.25,20
401,4.5,41.5,20
402,4.5,41.75,20
403,4.5,42.0,20
404,4.5,42.25,20
405,4.5,42.5,20
406,4.5,42.75,20
407,4.5,43.0,20
408,4.5,43.25,20
409,4.5,43.5,20
410,4.5,43.75,20
411,4.5,44.0,20
412,4.5,44.25,20
413,4.5,44.5,20
414,4.5,44.75,20
415,4.5,45.0,20
416,4.5,45.25,20
417,4.5,45.5,20
418,4.5,45.75,20
419,4.5,46.0,20
420,4.5,46.25,20
421,4.5,46.5,20
422,4.5,46.75,20
423,4.5,47.0,20
424,4.5,47.25,20
425,4.5,47.5,20
426,4.5,47.75,20
427,4.5,48.0,20
428,4.75,33.0,20
429,4.75,33.25,20
430,4.75,33.5,20
431,4.75,33.75,20
432,4.75,34.0,20
433,4.75,34.25,20
434,4.75,34.5,20
435,4.75,34.75,20
436,4.75,35.0,20
437,4.75,35.25,20
438,4.75,35.5,20
439,4.75,35.75,20
440,4.75,36.0,20
441,4.75,36.25,20
442,4.75,36.5,20
443,4.75,36.75,20
444,4.75,37.0,20
445,4.75,37.25,20
446,4.75,37.5,20
447,4.75,37.75,20
448,4.75,38.0,20
449,4.75,38.25,20
450,4.75,38.5,20
451,4.75,38.75,20
452,4.75,39.0,20
453,4.75,39.25,20
454,4.75,39.5,20
455,4.75,39.75,20
456,4.75,40.0,20
457,4.75,40.25,20
458,4.75,40.5,20
459,4.75,40.75,20
460,4.75,41.0,20
461,4.75,41.25,20
462,4.75,41.5,20
463,4.75,41.75,20
464,4.75,42.0,20
465,4.75,42.25,20
466,4.75,42.5,20
467,4.75,42.75,20
468,4.75,43.0,20
469,4.75,43.25,20
470,4.75,43.5,20
471,4.75,43.75,20
472,4.75,44.0,20
473,4.75,44.25,20
474,4.75,44.5,20
475,4.75,44.75,20
476,4.75,45.0,20
477,4.75,45.25,20
478,4.75,45.5,20
479,4.75,45.75,20
480,4.75,46.0,20
481,4.75,46.25,20
482,4.75,46.5,20
483,4.75,46.75,20
484,4.75,47.0,20
485,4.75,47.25,20
486,4.75,47.5,20
487,4.75,47.75,20
488,4.75,48.0,20
489,5.0,33.0,20
490,5.0,33.25,20
491,5.0,33.5,20
492,5.0,33.75,20
493,5.0,34.0,20
494,5.0,34.25,20
495,5.0,34.5,20
496,5.0,34.75,20
497,5.0,35.0,20
498,5.0,35.25,20
499,5.0,35.5,20
500,5.0,35.75,20
501,5.0,36.0,20
502,5.0,36.25,20
503,5.0,36.5,20
504,5.0,36.75,20
505,5.0,37.0,20
506,5.0,37.25,20
507,5.0,37.5,20
508,5.0,37.75,20
509,5.0,38.0,20
510,5.0,38.25,20
511,5.0,38.5,20
512,5.0,38.75,20
513,5.0,39.0,20
514,5.0,39.25,20
515,5.0,39.5,20
516,5.0,39.75,20
517,5.0,40.0,20
518,5.0,40.25,20
519,5.0,40.5,20
520,5.0,40.75,20
521,5.0,41.0,20
522,5.0,41.25,20
523,5.0,41.5,20
524,5.0,41.75,20
525,5.0,42.0,20
526,5.0,42.25,20
527,5.0,42.5,20
528,5.0,42.75,20
529,5.0,43.0,20
530,5.0,43.25,20
531,5.0,43.5,20
532,5.0,43.75,20
533,5.0,44.0,20
534,5.0,44.25,20
535,5.0,44.5,20
536,5.0,44.75,20
537,5.0,45.0,20
538,5.0,45.25,20
539,5.0,45.5,20
540,5.0,45.75,20
541,5.0,46.0,20
542,5.0,46.25,20
543,5.0,46.5,20
544,5.0,46.75,20
545,5.0,47.0,20
546,5.0,47.25,20
547,5.0,47.5,20
548,5.0,47.75,20
549,5.0,48.0,20
550,5.25,33.0,20
551,5.25,33.25,20
552,5.25,33.5,20
553,5.25,33.75,20
554,5.25,34.0,20
555,5.25,34.25,20
556,5.25,34.5,20
557,5.25,34.75,20
558,5.25,35.0,20
559,5.25,35.25,20
560,5.25,35.5,20
561,5.25,35.75,20
562,5.25,36.0,20
563,5.25,36.25,20
564,5.25,36.5,20
565,5.25,36.75,20
566,5.25,37.0,20
567,5.25,37.25,20
568,5.25,37.5,20
569,5.25,37.75,20
570,5.25,38.0,20
571,5.25,38.25,20
572,5.25,38.5,20
573,5.25,38.75,20
574,5.25,39.0,20
575,5.25,39.25,20
576,5.25,39.5,20
577,5.25,39.75,20
578,5.25,40.0,20
579,5.25,40.25,20
580,5.25,40.5,20
581,5.25,40.75,20
582,5.25,41.0,20
583,5.25,41.25,20
584,5.25,41.5,20
585,5.25,41.75,20
586,5.25,42.0,20
587,5.25,42.25,20
588,5.25,42.5,20
589,5.25,42.75,20
590,5.25,43.0,20
591,5.25,43.25,20
592,5.25,43.5,20
593,5.25,43.75,20
594,5.25,44.0,20
595,5.25,44.25,20
596,5.25,44.5,20
597,5.25,44.75,20
598,5.25,45.0,20
599,5.25,45.25,20
600,5.25,45.5,20
601,5.25,45.75,20
602,5.25,46.0,20
603,5.25,46.25,20
604,5.25,46.5,20
605,5.25,46.75,20
606,5.25,47.0,20
607,5.25,47.25,20
608,5.25,47.5,20
609,5.25,47.75,20
610,5.25,48.0,20
611,5.5,33.0,20
612,5.5,33.25,20
613,5.5,33.5,20
614,5.5,33.75,20
615,5.5,34.0,20
616,5.5,34.25,20
617,5.5,34.5,20
618,5.5,34.75,20
619,5.5,35.0,20
620,5.5,35.25,20
621,5.5,35.5,20
622,5.5,35.75,20
623,5.5,36.0,20
624,5.5,36.25,20
625,5.5,36.5,20
626,5.5,36.75,20
627,5.5,37.0,20
628,5.5,37.25,20
629,5.5,37.5,20
630,5.5,37.75,20
631,5.5,38.0,20
632,5.5,38.25,20
633,5.5,38.5,20
634,5.5,38.75,20
635,5.5,39.0,20
636,5.5,39.25,20
637,5.5,39.5,20
638,5.5,39.75,20
639,5.5,40.0,20
640,5.5,40.25,20
641,5.5,40.5,20
642,5.5,40.75,20
643,5.5,41.0,20
644,5.5,41.25,20
645,5.5,41.5,20
646,5.5,41.75,20
647,5.5,42.0,20
648,5.5,42.25,20
649,5.5,42.5,20
650,5.5,42.75,20
651,5.5,43.0,20
652,5.5,43.25,20
653,5.5,43.5,20
654,5.5,43.75,20
655,5.5,44.0,20
656,5.5,44.25,20
657,5.5,44.5,20
658,5.5,44.75,20
659,5.5,45.0,20
660,5.5,45.25,20
661,5.5,45.5,20
662,5.5,45.75,20
663,5.5,46.0,20
664,5.5,46.25,20
665,5.5,46.5,20
666,5.5,46.75,20
667,5.5,47.0,20
668,5.5,47.25,20
669,5.5,47.5,20
670,5.5,47.75,20
671,5.5,48.0,20
672,5.75,33.0,20
673,5.75,33.25,20
674,5.75,33.5,20
675,5.75,33.75,20
676,5.75,34.0,20
677,5.75,34.25,20
678,5.75,34.5,20
679,5.75,34.75,20
680,5.75,35.0,20
681,5.75,35.25,20
682,5.75,35.5,20
683,5.75,35.75,20
684,5.75,36.0,20
685,5.75,36.25,20
686,5.75,36.5,20
687,5.75,36.75,20
688,5.75,37.0,20
689,5.75,37.25,20
690,5.75,37.5,20
691,5.75,37.75,20
692,5.75,38.0,20
693,5.75,38.25,20
694,5.75,38.5,20
695,5.75,38.75,20
696,5.75,39.0,20
697,5.75,39.25,20
698,5.75,39.5,20
699,5.75,39.75,20
700,5.75,40.0,20
701,5.75,40.25,20
702,5.75,40.5,20
703,5.75,40.75,20
704,5.75,41.0,20
705,5.75,41.25,20
706,5.75,41.5,20
707,5.75,41.75,20
708,5.75,42.0,20
709,5.75,42.25,20
710,5.75,42.5,20
711,5.75,42.75,20
712,5.75,43.0,20
713,5.75,43.25,20
714,5.75,43.5,20
715,5.75,43.75,20
716,5.75,44.0,20
717,5.75,44.25,20
718,5.75,44.5,20
719,5.75,44.75,20
720,5.75,45.0,20
721,5.75,45.25,20
722,5.75,45.5,20
723,5.75,45.75,20
724,5.75,46.0,20
725,5.75,46.25,20
726,5.75,46.5,20
727,5.75,46.75,20
728,5.75,47.0,20
729,5.75,47.25,20
730,5.75,47.5,20
731,5.75,47.75,20
732,5.75,48.0,20
733,6.0,33.0,20
734,6.0,33.25,20
735,6.0,33.5,20
736,6.0,33.75,20
737,6.0,34.0,20
738,6.0,34.25,20
739,6.0,34.5,20
740,6.0,34.75,20
741,6.0,35.0,20
742,6.0,35.25,20
743,6.0,35.5,20
744,6.0,35.75,20
745,6.0,36.0,20
746,6.0,36.25,20
747,6.0,36.5,20
748,6.0,36.75,20
749,6.0,37.0,20
750,6.0,37.25,20
751,6.0,37.5,20
752,6.0,37.75,20
753,6.0,38.0,20
754,6.0,38.25,20
755,6.0,38.5,20
756,6.0,38.75,20
757,6.0,39.0,20
758,6.0,39.25,20
759,6.0,39.5,20
760,6.0,39.75,20
761,6.0,40.0,20
762,6.0,40.25,20
763,6.0,40.5,20
764,6.0,40.75,20
765,6.0,41.0,20
766,6.0,41.25,20
767,6.0,41.5,20
768,6.0,41.75,20
769,6.0,42.0,20
770,6.0,42.25,20
771,6.0,42.5,20
772,6.0,42.75,20
773,6.0,43.0,20
774,6.0,43.25,20
775,6.0,43.5,20
776,6.0,43.75,20
777,6.0,44.0,20
778,6.0,44.25,20
779,6.0,44.5,20
780,6.0,44.75,20
781,6.0,45.0,20
782,6.0,45.25,20
783,6.0,45.5,20
784,6.0,45.75,20
785,6.0,46.0,20
786,6.0,46.25,20
787,6.0,46.5,20
788,6.0,46.75,20
789,6.0,47.0,20
790,6.0,47.25,20
791,6.0,47.5,20
792,6.0,47.75,20
793,6.0,48.0,20
794,6.25,33.0,20
795,6.25,33.25,20
796,6.25,33.5,20
797,6.25,33.75,20
798,6.25,34.0,20
799,6.25,34.25,20
800,6.25,34.5,20
801,6.25,34.75,20
802,6.25,35.0,20
803,6.25,35.25,20
804,6.25,35.5,20
805,6.25,35.75,20
806,6.25,36.0,20
807,6.25,36.25,20
808,6.25,36.5,20
809,6.25,36.75,20
810,6.25,37.0,20
811,6.25,37.25,20
812,6.25,37.5,20
813,6.25,37.75,20
814,6.25,38.0,20
815,6.25,38.25,20
816,6.25,38.5,20
817,6.25,38.75,20
818,6.25,39.0,20
819,6.25,39.25,20
820,6.25,39.5,20
821,6.25,39.75,20
822,6.25,40.0,20
823,6.25,40.25,20
824,6.25,40.5,20
825,6.25,40.75,20
826,6.25,41.0,20
827,6.25,41.25,20
828,6.25,41.5,20
829,6.25,41.75,20
830,6.25,42.0,20
831,6.25,42.25,20
832,6.25,42.5,20
833,6.25,42.75,20
834,6.25,43.0,20
835,6.25,43.25,20
836,6.25,43.5,20
837,6.25,43.75,20
838,6.25,44.0,20
839,6.25,44.25,20
840,6.25,44.5,20
841,6.25,44.75,20
842,6.25,45.0,20
843,6.25,45.25,20
844,6.25,45.5,20
845,6.25,45.75,20
846,6.25,46.0,20
847,6.25,46.25,20
848,6.25,46.5,20
849,6.25,46.75,20
850,6.25,47.0,20
851,6.25,47.25,20
852,6.25,47.5,20
853,6.25,47.75,20
854,6.25,48.0,20
855,6.5,33.0,20
856,6.5,33.25,20
857,6.5,33.5,20
858,6.5,33.75,20
859,6.5,34.0,20
860,6.5,34.25,20
861,6.5,34.5,20
862,6.5,34.75,20
863,6.5,35.0,20
864,6.5,35.25,20
865,6.5,35.5,20
866,6.5,35.75,20
867,6.5,36.0,20
868,6.5,36.25,20
869,6.5,36.5,20
870,6.5,36.75,20
871,6.5,37.0,20
872,6.5,37.25,20
873,6.5,37.5,20
874,6.5,37.75,20
875,6.5,38.0,20
876,6.5,38.25,20
877,6.5,38.5,20
878,6.5,38.75,20
879,6.5,39.0,20
880,6.5,39.25,20
881,6.5,39.5,20
882,6.5,39.75,20
883,6.5,40.0,20
884,6.5,40.25,20
885,6.5,40.5,20
886,6.5,40.75,20
887,6.5,41.0,20
888,6.5,41.25,20
889,6.5,41.5,20
890,6.5,41.75,20
891,6.5,42.0,20
892,6.5,42.25,20
893,6.5,42.5,20
894,6.5,42.75,20
895,6.5,43.0,20
896,6.5,43.25,20
897,6.5,43.5,20
898,6.5,43.75,20
899,6.5,44.0,20
900,6.5,44.25,20
901,6.5,44.5,20
902,6.5,44.75,20
903,6.5,45.0,20
904,6.5,45.25,20
905,6.5,45.5,20
906,6.5,45.75,20
907,6.5,46.0,20
908,6.5,46.25,20
909,6.5,46.5,20
910,6.5,46.75,20
911,6.5,47.0,20
912,6.5,47.25,20
913,6.5,47.5,20
914,6.5,47.75,20
915,6.5,48.0,20
916,6.75,33.0,20
917,6.75,33.25,20
918,6.75,33.5,20
919,6.75,33.75,20
920,6.75,34.0,20
921,6.75,34.25,20
922,6.75,34.5,20
923,6.75,34.75,20
924,6.75,35.0,20
925,6.75,35.25,20
926,6.75,35.5,20
927,6.75,35.75,20
928,6.75,36.0,20
929,6.75,36.25,20
930,6.75,36.5,20
931,6.75,36.75,20
932,6.75,37.0,20
933,6.75,37.25,20
934,6.75,37.5,20
935,6.75,37.75,20
936,6.75,38.0,20
937,6.75,38.25,20
938,6.75,38.5,20
939,6.75,38.75,20
940,6.75,39.0,20
941,6.75,39.25,20
942,6.75,39.5,20
943,6.75,39.75,20
944,6.75,40.0,20
945,6.75,40.25,20
946,6.75,40.5,20
947,6.75,40.75,20
948,6.75,41.0,20
949,6.75,41.25,20
950,6.75,41.5,20
951,6.75,41.75,20
952,6.75,42.0,20
953,6.75,42.25,20
954,6.75,42.5,20
955,6.75,42.75,20
956,6.75,43.0,20
957,6.75,43.25,20
958,6.75,43.5,20
959,6.75,43.75,20
960,6.75,44.0,20
961,6.75,44.25,20
962,6.75,44.5,20
963,6.75,44.75,20
964,6.75,45.0,20
965,6.75,45.25,20
966,6.75,45.5,20
967,6.75,45.75,20
968,6.75,46.0,20
969,6.75,46.25,20
970,6.75,46.5,20
971,6.75,46.75,20
972,6.75,47.0,20
973,6.75,47.25,20
974,6.75,47.5,20
975,6.75,47.75,20
976,6.75,48.0,20
977,7.0,33.0,20
978,7.0,33.25,20
979,7.0,33.5,20
980,7.0,33.75,20
981,7.0,34.0,20
982,7.0,34.25,20
983,7.0,34.5,20
984,7.0,34.75,20
985,7.0,35.0,20
986,7.0,35.25,20
987,7.0,35.5,20
988,7.0,35.75,20
989,7.0,36.0,20
990,7.0,36.25,20
991,7.0,36.5,20
992,7.0,36.75,20
993,7.0,37.0,20
994,7.0,37.25,20
995,7.0,37.5,20
996,7.0,37.75,20
997,7.0,38.0,20
998,7.0,38.25,20
999,7.0,38.5,20
1000,7.0,38.75,20
1001,7.0,39.0,20
1002,7.0,39.25,20
1003,7.0,39.5,20
1004,7.0,39.75,20
1005,7.0,40.0,20
1006,7.0,40.25,20
1007,7.0,40.5,20
1008,7.0,40.75,20
1009,7.0,41.0,20
1010,7.0,41.25,20
1011,7.0,41.5,20
1012,7.0,41.75,20
1013,7.0,42.0,20
1014,7.0,42.25,20
1015,7.0,42.5,20
1016,7.0,42.75,20
1017,7.0,43.0,20
1018,7.0,43.25,20
1019,7.0,43.5,20
1020,7.0,43.75,20
1021,7.0,44.0,20
1022,7.0,44.25,20
1023,7.0,44.5,20
1024,7.0,44.75,20
1025,7.0,45.0,20
1026,7.0,45.25,20
1027,7.0,45.5,20
1028,7.0,45.75,20
1029,7.0,46.0,20
1030,7.0,46.25,20
1031,7.0,46.5,20
1032,7.0,46.75,20
1033,7.0,47.0,20
1034,7.0,47.25,20
1035,7.0,47.5,20
1036,7.0,47.75,20
1037,7.0,48.0,20
1038,7.25,33.0,20
1039,7.25,33.25,20
1040,7.25,33.5,20
1041,7.25,33.75,20
1042,7.25,34.0,20
1043,7.25,34.25,20
1044,7.25,34.5,20
1045,7.25,34.75,20
1046,7.25,35.0,20
1047,7.25,35.25,20
1048,7.25,35.5,20
1049,7.25,35.75,20
1050,7.25,36.0,20
1051,7.25,36.25,20
1052,7.25,36.5,20
1053,7.25,36.75,20
1054,7.25,37.0,20
1055,7.25,37.25,20
1056,7.25,37.5,20
1057,7.25,37.75,20
1058,7.25,38.0,20
1059,7.25,38.25,20
1060,7.25,38.5,20
1061,7.25,38.75,20
1062,7.25,39.0,20
1063,7.25,39.25,20
1064,7.25,39.5,20
1065,7.25,39.75,20
1066,7.25,40.0,20
1067,7.25,40.25,20
1068,7.25,40.5,20
1069,7.25,40.75,20
1070,7.25,41.0,20
1071,7.25,41.25,20
1072,7.25,41.5,20
1073,7.25,41.75,20
1074,7.25,42.0,20
1075,7.25,42.25,20
1076,7.25,42.5,20
1077,7.25,42.75,20
1078,7.25,43.0,20
1079,7.25,43.25,20
1080,7.25,43.5,20
1081,7.25,43.75,20
1082,7.25,44.0,20
1083,7.25,44.25,20
1084,7.25,44.5,20
1085,7.25,44.75,20
1086,7.25,45.0,20
1087,7.25,45.25,20
1088,7.25,45.5,20
1089,7.25,45.75,20
1090,7.25,46.0,20
1091,7.25,46.25,20
1092,7.25,46.5,20
1093,7.25,46.75,20
1094,7.25,47.0,20
1095,7.25,47.25,20
1096,7.25,47.5,20
1097,7.25,47.75,20
1098,7.25,48.0,20
1099,7.5,33.0,20
1100,7.5,33.25,20
1101,7.5,33.5,20
1102,7.5,33.75,20
1103,7.5,34.0,20
1104,7.5,34.25,20
1105,7.5,34.5,20
1106,7.5,34.75,20
1107,7.5,35.0,20
1108,7.5,35.25,20
1109,7.5,35.5,20
1110,7.5,35.75,20
1111,7.5,36.0,20
1112,7.5,36.25,20
1113,7.5,36.5,20
1114,7.5,36.75,20
1115,7.5,37.0,20
1116,7.5,37.25,20
1117,7.5,37.5,20
1118,7.5,37.75,20
1119,7.5,38.0,20
1120,7.5,38.25,20
1121,7.5,38.5,20
1122,7.5,38.75,20
1123,7.5,39.0,20
1124,7.5,39.25,20
1125,7.5,39.5,20
1126,7.5,39.75,20
1127,7.5,40.0,20
1128,7.5,40.25,20
1129,7.5,40.5,20
1130,7.5,40.75,20
1131,7.5,41.0,20
1132,7.5,41.25,20
1133,7.5,41.5,20
1134,7.5,41.75,20
1135,7.5,42.0,20
1136,7.5,42.25,20
1137,7.5,42.5,20
1138,7.5,42.75,20
1139,7.5,43.0,20
1140,7.5,43.25,20
1141,7.5,43.5,20
1142,7.5,43.75,20
1143,7.5,44.0,20
1144,7.5,44.25,20
1145,7.5,44.5,20
1146,7.5,44.75,20
1147,7.5,45.0,20
1148,7.5,45.25,20
1149,7.5,45.5,20
1150,7.5,45.75,20
1151,7.5,46.0,20
1152,7.5,46.25,20
1153,7.5,46.5,20
1154,7.5,46.75,20
1155,7.5,47.0,20
1156,7.5,47.25,20
1157,7.5,47.5,20
1158,7.5,47.75,20
1159,7.5,48.0,20
1160,7.75,33.0,20
1161,7.75,33.25,20
1162,7.75,33.5,20
1163,7.75,33.75,20
1164,7.75,34.0,20
1165,7.75,34.25,20
1166,7.75,34.5,20
1167,7.75,34.75,20
1168,7.75,35.0,20
1169,7.75,35.25,20
1170,7.75,35.5,20
1171,7.75,35.75,20
1172,7.75,36.0,20
1173,7.75,36.25,20
1174,7.75,36.5,20
1175,7.75,36.75,20
1176,7.75,37.0,20
1177,7.75,37.25,20
1178,7.75,37.5,20
1179,7.75,37.75,20
1180,7.75,38.0,20
1181,7.75,38.25,20
1182,7.75,38.5,20
1183,7.75,38.75,20
1184,7.75,39.0,20
1185,7.75,39.25,20
1186,7.75,39.5,20
1187,7.75,39.75,20
1188,7.75,40.0,20
1189,7.75,40.25,20
1190,7.75,40.5,20
1191,7.75,40.75,20
1192,7.75,41.0,20
1193,7.75,41.25,20
1194,7.75,41.5,20
1195,7.75,41.75,20
1196,7.75,42.0,20
1197,7.75,42.25,20
1198,7.75,42.5,20
1199,7.75,42.75,20
1200,7.75,43.0,20
1201,7.75,43.25,20
1202,7.75,43.5,20
1203,7.75,43.75,20
1204,7.75,44.0,20
1205,7.75,44.25,20
1206,7.75,44.5,20
1207,7.75,44.75,20
1208,7.75,45.0,20
1209,7.75,45.25,20
1210,7.75,45.5,20
1211,7.75,45.75,20
1212,7.75,46.0,20
1213,7.75,46.25,20
1214,7.75,46.5,20
1215,7.75,46.75,20
1216,7.75,47.0,20
1217,7.75,47.25,20
1218,7.75,47.5,20
1219,7.75,47.75,20
1220,7.75,48.0,20
1221,8.0,33.0,20
1222,8.0,33.25,20
1223,8.0,33.5,20
1224,8.0,33.75,20
1225,8.0,34.0,20
1226,8.0,34.25,20
1227,8.0,34.5,20
1228,8.0,34.75,20
1229,8.0,35.0,20
1230,8.0,35.25,20
1231,8.0,35.5,20
1232,8.0,35.75,20
1233,8.0,36.0,20
1234,8.0,36.25,20
1235,8.0,36.5,20
1236,8.0,36.75,20
1237,8.0,37.0,20
1238,8.0,37.25,20
1239,8.0,37.5,20
1240,8.0,37.75,20
1241,8.0,38.0,20
1242,8.0,38.25,20
1243,8.0,38.5,20
1244,8.0,38.75,20
1245,8.0,39.0,20
1246,8.0,39.25,20
1247,8.0,39.5,20
1248,8.0,39.75,20
1249,8.0,40.0,20
1250,8.0,40.25,20
1251,8.0,40.5,20
1252,8.0,40.75,20
1253,8.0,41.0,20
1254,8.0,41.25,20
1255,8.0,41.5,20
1256,8.0,41.75,20
1257,8.0,42.0,20
1258,8.0,42.25,20
1259,8.0,42.5,20
1260,8.0,42.75,20
1261,8.0,43.0,20
1262,8.0,43.25,20
1263,8.0,43.5,20
1264,8.0,43.75,20
1265,8.0,44.0,20
1266,8.0,44.25,20
1267,8.0,44.5,20
1268,8.0,44.75,20
1269,8.0,45.0,20
1270,8.0,45.25,20
1271,8.0,45.5,20
1272,8.0,45.75,20
1273,8.0,46.0,20
1274,8.0,46.25,20
1275,8.0,46.5,20
1276,8.0,46.75,20
1277,8.0,47.0,20
1278,8.0,47.25,20
1279,8.0,47.5,20
1280,8.0,47.75,20
1281,8.0,48.0,20
1282,8.25,33.0,20
1283,8.25,33.25,20
1284,8.25,33.5,20
1285,8.25,33.75,20
1286,8.25,34.0,20
1287,8.25,34.25,20
1288,8.25,34.5,20
1289,8.25,34.75,20
1290,8.25,35.0,20
1291,8.25,35.25,20
1292,8.25,35.5,20
1293,8.25,35.75,20
1294,8.25,36.0,20
1295,8.25,36.25,20
1296,8.25,36.5,20
1297,8.25,36.75,20
1298,8.25,37.0,20
1299,8.25,37.25,20
1300,8.25,37.5,20
1301,8.25,37.75,20
1302,8.25,38.0,20
1303,8.25,38.25,20
1304,8.25,38.5,20
1305,8.25,38.75,20
1306,8.25,39.0,20
1307,8.25,39.25,20
1308,8.25,39.5,20
1309,8.25,39.75,20
1310,8.25,40.0,20
1311,8.25,40.25,20
1312,8.25,40.5,20
1313,8.25,40.75,20
1314,8.25,41.0,20
1315,8.25,41.25,20
1316,8.25,41.5,20
1317,8.25,41.75,20
1318,8.25,42.0,20
1319,8.25,42.25,20
1320,8.25,42.5,20
1321,8.25,42.75,20
1322,8.25,43.0,20
1323,8.25,43.25,20
1324,8.25,43.5,20
1325,8.25,43.75,20
1326,8.25,44.0,20
1327,8.25,44.25,20
1328,8.25,44.5,20
1329,8.25,44.75,20
1330,8.25,45.0,20
1331,8.25,45.25,20
1332,8.25,45.5,20
1333,8.25,45.75,20
1334,8.25,46.0,20
1335,8.25,46.25,20
1336,8.25,46.5,20
1337,8.25,46.75,20
1338,8.25,47.0,20
1339,8.25,47.25,20
1340,8.25,47.5,20
1341,8.25,47.75,20
1342,8.25,48.0,20
1343,8.5,33.0,20
1344,8.5,33.25,20
1345,8.5,33.5,20
1346,8.5,33.75,20
1347,8.5,34.0,20
1348,8.5,34.25,20
1349,8.5,34.5,20
1350,8.5,34.75,20
1351,8.5,35.0,20
1352,8.5,35.25,20
1353,8.5,35.5,20
1354,8.5,35.75,20
1355,8.5,36.0,20
1356,8.5,36.25,20
1357,8.5,36.5,20
1358,8.5,36.75,20
1359,8.5,37.0,20
1360,8.5,37.25,20
1361,8.5,37.5,20
1362,8.5,37.75,20
1363,8.5,38.0,20
1364,8.5,38.25,20
1365,8.5,38.5,20
1366,8.5,38.75,20
1367,8.5,39.0,20
1368,8.5,39.25,20
1369,8.5,39.5,20
1370,8.5,39.75,20
1371,8.5,40.0,20
1372,8.5,40.25,20
1373,8.5,40.5,20
1374,8.5,40.75,20
1375,8.5,41.0,20
1376,8.5,41.25,20
1377,8.5,41.5,20
1378,8.5,41.75,20
1379,8.5,42.0,20
1380,8.5,42.25,20
1381,8.5,42.5,20
1382,8.5,42.75,20
1383,8.5,43.0,20
1384,8.5,43.25,20
1385,8.5,43.5,20
1386,8.5,43.75,20
1387,8.5,44.0,20
1388,8.5,44.25,20
1389,8.5,44.5,20
1390,8.5,44.75,20
1391,8.5,45.0,20
1392,8.5,45.25,20
1393,8.5,45.5,20
1394,8.5,45.75,20
1395,8.5,46.0,20
1396,8.5,46.25,20
1397,8.5,46.5,20
1398,8.5,46.75,20
1399,8.5,47.0,20
1400,8.5,47.25,20
1401,8.5,47.5,20
1402,8.5,47.75,20
1403,8.5,48.0,20
1404,8.75,33.0,20
1405,8.75,33.25,20
1406,8.75,33.5,20
1407,8.75,33.75,20
1408,8.75,34.0,20
1409,8.75,34.25,20
1410,8.75,34.5,20
1411,8.75,34.75,20
1412,8.75,35.0,20
1413,8.75,35.25,20
1414,8.75,35.5,20
1415,8.75,35.75,20
1416,8.75,36.0,20
1417,8.75,36.25,20
1418,8.75,36.5,20
1419,8.75,36.75,20
1420,8.75,37.0,20
1421,8.75,37.25,20
1422,8.75,37.5,20
1423,8.75,37.75,20
1424,8.75,38.0,20
1425,8.75,38.25,20
1426,8.75,38.5,20
1427,8.75,38.75,20
1428,8.75,39.0,20
1429,8.75,39.25,20
1430,8.75,39.5,20
1431,8.75,39.75,20
1432,8.75,40.0,20
1433,8.75,40.25,20
1434,8.75,40.5,20
1435,8.75,40.75,20
1436,8.75,41.0,20
1437,8.75,41.25,20
1438,8.75,41.5,20
1439,8.75,41.75,20
1440,8.75,42.0,20
1441,8.75,42.25,20
1442,8.75,42.5,20
1443,8.75,42.75,20
1444,8.75,43.0,20
1445,8.75,43.25,20
1446,8.75,43.5,20
1447,8.75,43.75,20
1448,8.75,44.0,20
1449,8.75,44.25,20
1450,8.75,44.5,20
1451,8.75,44.75,20
1452,8.75,45.0,20
1453,8.75,45.25,20
1454,8.75,45.5,20
1455,8.75,45.75,20
1456,8.75,46.0,20
1457,8.75,46.25,20
1458,8.75,46.5,20
1459,8.75,46.75,20
1460,8.75,47.0,20
1461,8.75,47.25,20
1462,8.75,47.5,20
1463,8.75,47.75,20
1464,8.75,48.0,20
1465,9.0,33.0,20
1466,9.0,33.25,20
1467,9.0,33.5,20
1468,9.0,33.75,20
1469,9.0,34.0,20
1470,9.0,34.25,20
1471,9.0,34.5,20
1472,9.0,34.75,20
1473,9.0,35.0,20
1474,9.0,35.25,20
1475,9.0,35.5,20
1476,9.0,35.75,20
1477,9.0,36.0,20
1478,9.0,36.25,20
1479,9.0,36.5,20
1480,9.0,36.75,20
1481,9.0,37.0,20
1482,9.0,37.25,20
1483,9.0,37.5,20
1484,9.0,37.75,20
1485,9.0,38.0,20
1486,9.0,38.25,20
1487,9.0,38.5,20
1488,9.0,38.75,20
1489,9.0,39.0,20
1490,9.0,39.25,20
1491,9.0,39.5,20
1492,9.0,39.75,20
1493,9.0,40.0,20
1494,9.0,40.25,20
1495,9.0,40.5,20
1496,9.0,40.75,20
1497,9.0,41.0,20
1498,9.0,41.25,20
1499,9.0,41.5,20
1500,9.0,41.75,20
1501,9.0,42.0,20
1502,9.0,42.25,20
1503,9.0,42.5,20
1504,9.0,42.75,20
1505,9.0,43.0,20
1506,9.0,43.25,20
1507,9.0,43.5,20
1508,9.0,43.75,20
1509,9.0,44.0,20
1510,9.0,44.25,20
1511,9.0,44.5,20
1512,9.0,44.75,20
1513,9.0,45.0,20
1514,9.0,45.25,20
1515,9.0,45.5,20
1516,9.0,45.75,20
1517,9.0,46.0,20
1518,9.0,46.25,20
1519,9.0,46.5,20
1520,9.0,46.75,20
1521,9.0,47.0,20
1522,9.0,47.25,20
1523,9.0,47.5,20
1524,9.0,47.75,20
1525,9.0,48.0,20
1526,9.25,33.0,20
1527,9.25,33.25,20
1528,9.25,33.5,20
1529,9.25,33.75,20
1530,9.25,34.0,20
1531,9.25,34.25,20
1532,9.25,34.5,20
1533,9.25,34.75,20
1534,9.25,35.0,20
1535,9.25,35.25,20
1536,9.25,35.5,20
1537,9.25,35.75,20
1538,9.25,36.0,20
1539,9.25,36.25,20
1540,9.25,36.5,20
1541,9.25,36.75,20
1542,9.25,37.0,20
1543,9.25,37.25,20
1544,9.25,37.5,20
1545,9.25,37.75,20
1546,9.25,38.0,20
1547,9.25,38.25,20
1548,9.25,38.5,20
1549,9.25,38.75,20
1550,9.25,39.0,20
1551,9.25,39.25,20
1552,9.25,39.5,20
1553,9.25,39.75,20
1554,9.25,40.0,20
1555,9.25,40.25,20
1556,9.25,40.5,20
1557,9.25,40.75,20
1558,9.25,41.0,20
1559,9.25,41.25,20
1560,9.25,41.5,20
1561,9.25,41.75,20
1562,9.25,42.0,20
1563,9.25,42.25,20
1564,9.25,42.5,20
1565,9.25,42.75,20
1566,9.25,43.0,20
1567,9.25,43.25,20
1568,9.25,43.5,20
1569,9.25,43.75,20
1570,9.25,44.0,20
1571,9.25,44.25,20
1572,9.25,44.5,20
1573,9.25,44.75,20
1574,9.25,45.0,20
1575,9.25,45.25,20
1576,9.25,45.5,20
1577,9.25,45.75,20
1578,9.25,46.0,20
1579,9.25,46.25,20
1580,9.25,46.5,20
1581,9.25,46.75,20
1582,9.25,47.0,20
1583,9.25,47.25,20
1584,9.25,47.5,20
1585,9.25,47.75,20
1586,9.25,48.0,20
1587,9.5,33.0,20
1588,9.5,33.25,20
1589,9.5,33.5,20
1590,9.5,33.75,20
1591,9.5,34.0,20
1592,9.5,34.25,20
1593,9.5,34.5,20
1594,9.5,34.75,20
1595,9.5,35.0,20
1596,9.5,35.25,20
1597,9.5,35.5,20
1598,9.5,35.75,20
1599,9.5,36.0,20
1600,9.5,36.25,20
1601,9.5,36.5,20
1602,9.5,36.75,20
1603,9.5,37.0,20
1604,9.5,37.25,20
1605,9.5,37.5,20
1606,9.5,37.75,20
1607,9.5,38.0,20
1608,9.5,38.25,20
1609,9.5,38.5,20
1610,9.5,38.75,20
1611,9.5,39.0,20
1612,9.5,39.25,20
1613,9.5,39.5,20
1614,9.5,39.75,20
1615,9.5,40.0,20
1616,9.5,40.25,20
1617,9.5,40.5,20
1618,9.5,40.75,20
1619,9.5,41.0,20
1620,9.5,41.25,20
1621,9.5,41.5,20
1622,9.5,41.75,20
1623,9.5,42.0,20
1624,9.5,42.25,20
1625,9.5,42.5,20
1626,9.5,42.75,20
1627,9.5,43.0,20
1628,9.5,43.25,20
1629,9.5,43.5,20
1630,9.5,43.75,20
1631,9.5,44.0,20
1632,9.5,44.25,20
1633,9.5,44.5,20
1634,9.5,44.75,20
1635,9.5,45.0,20
1636,9.5,45.25,20
1637,9.5,45.5,20
1638,9.5,45.75,20
1639,9.5,46.0,20
1640,9.5,46.25,20
1641,9.5,46.5,20
1642,9.5,46.75,20
1643,9.5,47.0,20
1644,9.5,47.25,20
1645,9.5,47.5,20
1646,9.5,47.75,20
1647,9.5,48.0,20
1648,9.75,33.0,20
1649,9.75,33.25,20
1650,9.75,33.5,20
1651,9.75,33.75,20
1652,9.75,34.0,20
1653,9.75,34.25,20
1654,9.75,34.5,20
1655,9.75,34.75,20
1656,9.75,35.0,20
1657,9.75,35.25,20
1658,9.75,35.5,20
1659,9.75,35.75,20
1660,9.75,36.0,20
1661,9.75,36.25,20
1662,9.75,36.5,20
1663,9.75,36.75,20
1664,9.75,37.0,20
1665,9.75,37.25,20
1666,9.75,37.5,20
1667,9.75,37.75,20
1668,9.75,38.0,20
1669,9.75,38.25,20
1670,9.75,38.5,20
1671,9.75,38.75,20
1672,9.75,39.0,20
1673,9.75,39.25,20
1674,9.75,39.5,20
1675,9.75,39.75,20
1676,9.75,40.0,20
1677,9.75,40.25,20
1678,9.75,40.5,20
1679,9.75,40.75,20
1680,9.75,41.0,20
1681,9.75,41.25,20
1682,9.75,41.5,20
1683,9.75,41.75,20
1684,9.75,42.0,20
1685,9.75,42.25,20
1686,9.75,42.5,20
1687,9.75,42.75,20
1688,9.75,43.0,20
1689,9.75,43.25,20
1690,9.75,43.5,20
1691,9.75,43.75,20
1692,9.75,44.0,20
1693,9.75,44.25,20
1694,9.75,44.5,20
1695,9.75,44.75,20
1696,9.75,45.0,20
1697,9.75,45.25,20
1698,9.75,45.5,20
1699,9.75,45.75,20
1700,9.75,46.0,20
1701,9.75,46.25,20
1702,9.75,46.5,20
1703,9.75,46.75,20
1704,9.75,47.0,20
1705,9.75,47.25,20
1706,9.75,47.5,20
1707,9.75,47.75,20
1708,9.75,48.0,20
1709,10.0,33.0,20
1710,10.0,33.25,20
1711,10.0,33.5,20
1712,10.0,33.75,20
1713,10.0,34.0,20
1714,10.0,34.25,20
1715,10.0,34.5,20
1716,10.0,34.75,20
1717,10.0,35.0,20
1718,10.0,35.25,20
1719,10.0,35.5,20
1720,10.0,35.75,20
1721,10.0,36.0,20
1722,10.0,36.25,20
1723,10.0,36.5,20
1724,10.0,36.75,20
1725,10.0,37.0,20
1726,10.0,37.25,20
1727,10.0,37.5,20
1728,10.0,37.75,20
1729,10.0,38.0,20
1730,10.0,38.25,20
1731,10.0,38.5,20
1732,10.0,38.75,20
1733,10.0,39.0,20
1734,10.0,39.25,20
1735,10.0,39.5,20
1736,10.0,39.75,20
1737,10.0,40.0,20
1738,10.0,40.25,20
1739,10.0,40.5,20
1740,10.0,40.75,20
1741,10.0,41.0,20
1742,10.0,41.25,20
1743,10.0,41.5,20
1744,10.0,41.75,20
1745,10.0,42.0,20
1746,10.0,42.25,20
1747,10.0,42.5,20
1748,10.0,42.75,20
1749,10.0,43.0,20
1750,10.0,43.25,20
1751,10.0,43.5,20
1752,10.0,43.75,20
1753,10.0,44.0,20
1754,10.0,44.25,20
1755,10.0,44.5,20
1756,10.0,44.75,20
1757,10.0,45.0,20
1758,10.0,45.25,20
1759,10.0,45.5,20
1760,10.0,45.75,20
1761,10.0,46.0,20
1762,10.0,46.25,20
1763,10.0,46.5,20
1764,10.0,46.75,20
1765,10.0,47.0,20
1766,10.0,47.25,20
1767,10.0,47.5,20
1768,10.0,47.75,20
1769,10.0,48.0,20
1770,10.25,33.0,20
1771,10.25,33.25,20
1772,10.25,33.5,20
1773,10.25,33.75,20
1774,10.25,34.0,20
1775,10.25,34.25,20
1776,10.25,34.5,20
1777,10.25,34.75,20
1778,10.25,35.0,20
1779,10.25,35.25,20
1780,10.25,35.5,20
1781,10.25,35.75,20
1782,10.25,36.0,20
1783,10.25,36.25,20
1784,10.25,36.5,20
1785,10.25,36.75,20
1786,10.25,37.0,20
1787,10.25,37.25,20
1788,10.25,37.5,20
1789,10.25,37.75,20
1790,10.25,38.0,20
1791,10.25,38.25,20
1792,10.25,38.5,20
1793,10.25,38.75,20
1794,10.25,39.0,20
1795,10.25,39.25,20
1796,10.25,39.5,20
1797,10.25,39.75,20
1798,10.25,40.0,20
1799,10.25,40.25,20
1800,10.25,40.5,20
1801,10.25,40.75,20
1802,10.25,41.0,20
1803,10.25,41.25,20
1804,10.25,41.5,20
1805,10.25,41.75,20
1806,10.25,42.0,20
1807,10.25,42.25,20
1808,10.25,42.5,20
1809,10.25,42.75,20
1810,10.25,43.0,20
1811,10.25,43.25,20
1812,10.25,43.5,20
1813,10.25,43.75,20
1814,10.25,44.0,20
1815,10.25,44.25,20
1816,10.25,44.5,20
1817,10.25,44.75,20
1818,10.25,45.0,20
1819,10.25,45.25,20
1820,10.25,45.5,20
1821,10.25,45.75,20
1822,10.25,46.0,20
1823,10.25,46.25,20
1824,10.25,46.5,20
1825,10.25,46.75,20
1826,10.25,47.0,20
1827,10.25,47.25,20
1828,10.25,47.5,20
1829,10.25,47.75,20
1830,10.25,48.0,20
1831,10.5,33.0,20
1832,10.5,33.25,20
1833,10.5,33.5,20
1834,10.5,33.75,20
1835,10.5,34.0,20
1836,10.5,34.25,20
1837,10.5,34.5,20
1838,10.5,34.75,20
1839,10.5,35.0,20
1840,10.5,35.25,20
1841,10.5,35.5,20
1842,10.5,35.75,20
1843,10.5,36.0,20
1844,10.5,36.25,20
1845,10.5,36.5,20
1846,10.5,36.75,20
1847,10.5,37.0,20
1848,10.5,37.25,20
1849,10.5,37.5,20
1850,10.5,37.75,20
1851,10.5,38.0,20
1852,10.5,38.25,20
1853,10.5,38.5,20
1854,10.5,38.75,20
1855,10.5,39.0,20
1856,10.5,39.25,20
1857,10.5,39.5,20
1858,10.5,39.75,20
1859,10.5,40.0,20
1860,10.5,40.25,20
1861,10.5,40.5,20
1862,10.5,40.75,20
1863,10.5,41.0,20
1864,10.5,41.25,20
1865,10.5,41.5,20
1866,10.5,41.75,20
1867,10.5,42.0,20
1868,10.5,42.25,20
1869,10.5,42.5,20
1870,10.5,42.75,20
1871,10.5,43.0,20
1872,10.5,43.25,20
1873,10.5,43.5,20
1874,10.5,43.75,20
1875,10.5,44.0,20
1876,10.5,44.25,20
1877,10.5,44.5,20
1878,10.5,44.75,20
1879,10.5,45.0,20
1880,10.5,45.25,20
1881,10.5,45.5,20
1882,10.5,45.75,20
1883,10.5,46.0,20
1884,10.5,46.25,20
1885,10.5,46.5,20
1886,10.5,46.75,20
1887,10.5,47.0,20
1888,10.5,47.25,20
1889,10.5,47.5,20
1890,10.5,47.75,20
1891,10.5,48.0,20
1892,10.75,33.0,20
1893,10.75,33.25,20
1894,10.75,33.5,20
1895,10.75,33.75,20
1896,10.75,34.0,20
1897,10.75,34.25,20
1898,10.75,34.5,20
1899,10.75,34.75,20
1900,10.75,35.0,20
1901,10.75,35.25,20
1902,10.75,35.5,20
1903,10.75,35.75,20
1904,10.75,36.0,20
1905,10.75,36.25,20
1906,10.75,36.5,20
1907,10.75,36.75,20
1908,10.75,37.0,20
1909,10.75,37.25,20
1910,10.75,37.5,20
1911,10.75,37.75,20
1912,10.75,38.0,20
1913,10.75,38.25,20
1914,10.75,38.5,20
1915,10.75,38.75,20
1916,10.75,39.0,20
1917,10.75,39.25,20
1918,10.75,39.5,20
1919,10.75,39.75,20
1920,10.75,40.0,20
1921,10.75,40.25,20
1922,10.75,40.5,20
1923,10.75,40.75,20
1924,10.75,41.0,20
1925,10.75,41.25,20
1926,10.75,41.5,20
1927,10.75,41.75,20
1928,10.75,42.0,20
1929,10.75,42.25,20
1930,10.75,42.5,20
1931,10.75,42.75,20
1932,10.75,43.0,20
1933,10.75,43.25,20
1934,10.75,43.5,20
1935,10.75,43.75,20
1936,10.75,44.0,20
1937,10.75,44.25,20
1938,10.75,44.5,20
1939,10.75,44.75,20
1940,10.75,45.0,20
1941,10.75,45.25,20
1942,10.75,45.5,20
1943,10.75,45.75,20
1944,10.75,46.0,20
1945,10.75,46.25,20
1946,10.75,46.5,20
1947,10.75,46.75,20
1948,10.75,47.0,20
1949,10.75,47.25,20
1950,10.75,47.5,20
1951,10.75,47.75,20
1952,10.75,48.0,20
1953,11.0,33.0,20
1954,11.0,33.25,20
1955,11.0,33.5,20
1956,11.0,33.75,20
1957,11.0,34.0,20
1958,11.0,34.25,20
1959,11.0,34.5,20
1960,11.0,34.75,20
1961,11.0,35.0,20
1962,11.0,35.25,20
1963,11.0,35.5,20
1964,11.0,35.75,20
1965,11.0,36.0,20
1966,11.0,36.25,20
1967,11.0,36.5,20
1968,11.0,36.75,20
1969,11.0,37.0,20
1970,11.0,37.25,20
1971,11.0,37.5,20
1972,11.0,37.75,20
1973,11.0,38.0,20
1974,11.0,38.25,20
1975,11.0,38.5,20
1976,11.0,38.75,20
1977,11.0,39.0,20
1978,11.0,39.25,20
1979,11.0,39.5,20
1980,11.0,39.75,20
1981,11.0,40.0,20
1982,11.0,40.25,20
1983,11.0,40.5,20
1984,11.0,40.75,20
1985,11.0,41.0,20
1986,11.0,41.25,20
1987,11.0,41.5,20
1988,11.0,41.75,20
1989,11.0,42.0,20
1990,11.0,42.25,20
1991,11.0,42.5,20
1992,11.0,42.75,20
1993,11.0,43.0,20
1994,11.0,43.25,20
1995,11.0,43.5,20
1996,11.0,43.75,20
1997,11.0,44.0,20
1998,11.0,44.25,20
1999,11.0,44.5,20
2000,11.0,44.75,20
2001,11.0,45.0,20
2002,11.0,45.25,20
2003,11.0,45.5,20
2004,11.0,45.75,20
2005,11.0,46.0,20
2006,11.0,46.25,20
2007,11.0,46.5,20
2008,11.0,46.75,20
2009,11.0,47.0,20
2010,11.0,47.25,20
2011,11.0,47.5,20
2012,11.0,47.75,20
2013,11.0,48.0,20
2014,11.25,33.0,20
2015,11.25,33.25,20
2016,11.25,33.5,20
2017,11.25,33.75,20
2018,11.25,34.0,20
2019,11.25,34.25,20
2020,11.25,34.5,20
2021,11.25,34.75,20
2022,11.25,35.0,20
2023,11.25,35.25,20
2024,11.25,35.5,20
2025,11.25,35.75,20
2026,11.25,36.0,20
2027,11.25,36.25,20
2028,11.25,36.5,20
2029,11.25,36.75,20
2030,11.25,37.0,20
2031,11.25,37.25,20
2032,11.25,37.5,20
2033,11.25,37.75,20
2034,11.25,38.0,20
2035,11.25,38.25,20
2036,11.25,38.5,20
2037,11.25,38.75,20
2038,11.25,39.0,20
2039,11.25,39.25,20
2040,11.25,39.5,20
2041,11.25,39.75,20
2042,11.25,40.0,20
2043,11.25,40.25,20
2044,11.25,40.5,20
2045,11.25,40.75,20
2046,11.25,41.0,20
2047,11.25,41.25,20
2048,11.25,41.5,20
2049,11.25,41.75,20
2050,11.25,42.0,20
2051,11.25,42.25,20
2052,11.25,42.5,20
2053,11.25,42.75,20
2054,11.25,43.0,20
2055,11.25,43.25,20
2056,11.25,43.5,20
2057,11.25,43.75,20
2058,11.25,44.0,20
2059,11.25,44.25,20
2060,11.25,44.5,20
2061,11.25,44.75,20
2062,11.25,45.0,20
2063,11.25,45.25,20
2064,11.25,45.5,20
2065,11.25,45.75,20
2066,11.25,46.0,20
2067,11.25,46.25,20
2068,11.25,46.5,20
2069,11.25,46.75,20
2070,11.25,47.0,20
2071,11.25,47.25,20
2072,11.25,47.5,20
2073,11.25,47.75,20
2074,11.25,48.0,20
2075,11.5,33.0,20
2076,11.5,33.25,20
2077,11.5,33.5,20
2078,11.5,33.75,20
2079,11.5,34.0,20
2080,11.5,34.25,20
2081,11.5,34.5,20
2082,11.5,34.75,20
2083,11.5,35.0,20
2084,11.5,35.25,20
2085,11.5,35.5,20
2086,11.5,35.75,20
2087,11.5,36.0,20
2088,11.5,36.25,20
2089,11.5,36.5,20
2090,11.5,36.75,20
2091,11.5,37.0,20
2092,11.5,37.25,20
2093,11.5,37.5,20
2094,11.5,37.75,20
2095,11.5,38.0,20
2096,11.5,38.25,20
2097,11.5,38.5,20
2098,11.5,38.75,20
2099,11.5,39.0,20
2100,11.5,39.25,20
2101,11.5,39.5,20
2102,11.5,39.75,20
2103,11.5,40.0,20
2104,11.5,40.25,20
2105,11.5,40.5,20
2106,11.5,40.75,20
2107,11.5,41.0,20
2108,11.5,41.25,20
2109,11.5,41.5,20
2110,11.5,41.75,20
2111,11.5,42.0,20
2112,11.5,42.25,20
2113,11.5,42.5,20
2114,11.5,42.75,20
2115,11.5,43.0,20
2116,11.5,43.25,20
2117,11.5,43.5,20
2118,11.5,43.75,20
2119,11.5,44.0,20
2120,11.5,44.25,20
2121,11.5,44.5,20
2122,11.5,44.75,20
2123,11.5,45.0,20
2124,11.5,45.25,20
2125,11.5,45.5,20
2126,11.5,45.75,20
2127,11.5,46.0,20
2128,11.5,46.25,20
2129,11.5,46.5,20
2130,11.5,46.75,20
2131,11.5,47.0,20
2132,11.5,47.25,20
2133,11.5,47.5,20
2134,11.5,47.75,20
2135,11.5,48.0,20
2136,11.75,33.0,20
2137,11.75,33.25,20
2138,11.75,33.5,20
2139,11.75,33.75,20
2140,11.75,34.0,20
2141,11.75,34.25,20
2142,11.75,34.5,20
2143,11.75,34.75,20
2144,11.75,35.0,20
2145,11.75,35.25,20
2146,11.75,35.5,20
2147,11.75,35.75,20
2148,11.75,36.0,20
2149,11.75,36.25,20
2150,11.75,36.5,20
2151,11.75,36.75,20
2152,11.75,37.0,20
2153,11.75,37.25,20
2154,11.75,37.5,20
2155,11.75,37.75,20
2156,11.75,38.0,20
2157,11.75,38.25,20
2158,11.75,38.5,20
2159,11.75,38.75,20
2160,11.75,39.0,20
2161,11.75,39.25,20
2162,11.75,39.5,20
2163,11.75,39.75,20
2164,11.75,40.0,20
2165,11.75,40.25,20
2166,11.75,40.5,20
2167,11.75,40.75,20
2168,11.75,41.0,20
2169,11.75,41.25,20
2170,11.75,41.5,20
2171,11.75,41.75,20
2172,11.75,42.0,20
2173,11.75,42.25,20
2174,11.75,42.5,20
2175,11.75,42.75,20
2176,11.75,43.0,20
2177,11.75,43.25,20
2178,11.75,43.5,20
2179,11.75,43.75,20
2180,11.75,44.0,20
2181,11.75,44.25,20
2182,11.75,44.5,20
2183,11.75,44.75,20
2184,11.75,45.0,20
2185,11.75,45.25,20
2186,11.75,45.5,20
2187,11.75,45.75,20
2188,11.75,46.0,20
2189,11.75,46.25,20
2190,11.75,46.5,20
2191,11.75,46.75,20
2192,11.75,47.0,20
2193,11.75,47.25,20
2194,11.75,47.5,20
2195,11.75,47.75,20
2196,11.75,48.0,20
2197,12.0,33.0,20
2198,12.0,33.25,20
2199,12.0,33.5,20
2200,12.0,33.75,20
2201,12.0,34.0,20
2202,12.0,34.25,20
2203,12.0,34.5,20
2204,12.0,34.75,20
2205,12.0,35.0,20
2206,12.0,35.25,20
2207,12.0,35.5,20
2208,12.0,35.75,20
2209,12.0,36.0,20
2210,12.0,36.25,20
2211,12.0,36.5,20
2212,12.0,36.75,20
2213,12.0,37.0,20
2214,12.0,37.25,20
2215,12.0,37.5,20
2216,12.0,37.75,20
2217,12.0,38.0,20
2218,12.0,38.25,20
2219,12.0,38.5,20
2220,12.0,38.75,20
2221,12.0,39.0,20
2222,12.0,39.25,20
2223,12.0,39.5,20
2224,12.0,39.75,20
2225,12.0,40.0,20
2226,12.0,40.25,20
2227,12.0,40.5,20
2228,12.0,40.75,20
2229,12.0,41.0,20
2230,12.0,41.25,20
2231,12.0,41.5,20
2232,12.0,41.75,20
2233,12.0,42.0,20
2234,12.0,42.25,20
2235,12.0,42.5,20
2236,12.0,42.75,20
2237,12.0,43.0,20
2238,12.0,43.25,20
2239,12.0,43.5,20
2240,12.0,43.75,20
2241,12.0,44.0,20
2242,12.0,44.25,20
2243,12.0,44.5,20
2244,12.0,44.75,20
2245,12.0,45.0,20
2246,12.0,45.25,20
2247,12.0,45.5,20
2248,12.0,45.75,20
2249,12.0,46.0,20
2250,12.0,46.25,20
2251,12.0,46.5,20
2252,12.0,46.75,20
2253,12.0,47.0,20
2254,12.0,47.25,20
2255,12.0,47.5,20
2256,12.0,47.75,20
2257,12.0,48.0,20
2258,12.25,33.0,20
2259,12.25,33.25,20
2260,12.25,33.5,20
2261,12.25,33.75,20
2262,12.25,34.0,20
2263,12.25,34.25,20
2264,12.25,34.5,20
2265,12.25,34.75,20
2266,12.25,35.0,20
2267,12.25,35.25,20
2268,12.25,35.5,20
2269,12.25,35.75,20
2270,12.25,36.0,20
2271,12.25,36.25,20
2272,12.25,36.5,20
2273,12.25,36.75,20
2274,12.25,37.0,20
2275,12.25,37.25,20
2276,12.25,37.5,20
2277,12.25,37.75,20
2278,12.25,38.0,20
2279,12.25,38.25,20
2280,12.25,38.5,20
2281,12.25,38.75,20
2282,12.25,39.0,20
2283,12.25,39.25,20
2284,12.25,39.5,20
2285,12.25,39.75,20
2286,12.25,40.0,20
2287,12.25,40.25,20
2288,12.25,40.5,20
2289,12.25,40.75,20
2290,12.25,41.0,20
2291,12.25,41.25,20
2292,12.25,41.5,20
2293,12.25,41.75,20
2294,12.25,42.0,20
2295,12.25,42.25,20
2296,12.25,42.5,20
2297,12.25,42.75,20
2298,12.25,43.0,20
2299,12.25,43.25,20
2300,12.25,43.5,20
2301,12.25,43.75,20
2302,12.25,44.0,20
2303,12.25,44.25,20
2304,12.25,44.5,20
2305,12.25,44.75,20
2306,12.25,45.0,20
2307,12.25,45.25,20
2308,12.25,45.5,20
2309,12.25,45.75,20
2310,12.25,46.0,20
2311,12.25,46.25,20
2312,12.25,46.5,20
2313,12.25,46.75,20
2314,12.25,47.0,20
2315,12.25,47.25,20
2316,12.25,47.5,20
2317,12.25,47.75,20
2318,12.25,48.0,20
2319,12.5,33.0,20
2320,12.5,33.25,20
2321,12.5,33.5,20
2322,12.5,33.75,20
2323,12.5,34.0,20
2324,12.5,34.25,20
2325,12.5,34.5,20
2326,12.5,34.75,20
2327,12.5,35.0,20
2328,12.5,35.25,20
2329,12.5,35.5,20
2330,12.5,35.75,20
2331,12.5,36.0,20
2332,12.5,36.25,20
2333,12.5,36.5,20
2334,12.5,36.75,20
2335,12.5,37.0,20
2336,12.5,37.25,20
2337,12.5,37.5,20
2338,12.5,37.75,20
2339,12.5,38.0,20
2340,12.5,38.25,20
2341,12.5,38.5,20
2342,12.5,38.75,20
2343,12.5,39.0,20
2344,12.5,39.25,20
2345,12.5,39.5,20
2346,12.5,39.75,20
2347,12.5,40.0,20
2348,12.5,40.25,20
2349,12.5,40.5,20
2350,12.5,40.75,20
2351,12.5,41.0,20
2352,12.5,41.25,20
2353,12.5,41.5,20
2354,12.5,41.75,20
2355,12.5,42.0,20
2356,12.5,42.25,20
2357,12.5,42.5,20
2358,12.5,42.75,20
2359,12.5,43.0,20
2360,12.5,43.25,20
2361,12.5,43.5,20
2362,12.5,43.75,20
2363,12.5,44.0,20
2364,12.5,44.25,20
2365,12.5,44.5,20
2366,12.5,44.75,20
2367,12.5,45.0,20
2368,12.5,45.25,20
2369,12.5,45.5,20
2370,12.5,45.75,20
2371,12.5,46.0,20
2372,12.5,46.25,20
2373,12.5,46.5,20
2374,12.5,46.75,20
2375,12.5,47.0,20
2376,12.5,47.25,20
2377,12.5,47.5,20
2378,12.5,47.75,20
2379,12.5,48.0,20
2380,12.75,33.0,20
2381,12.75,33.25,20
2382,12.75,33.5,20
2383,12.75,33.75,20
2384,12.75,34.0,20
2385,12.75,34.25,20
2386,12.75,34.5,20
2387,12.75,34.75,20
2388,12.75,35.0,20
2389,12.75,35.25,20
2390,12.75,35.5,20
2391,12.75,35.75,20
2392,12.75,36.0,20
2393,12.75,36.25,20
2394,12.75,36.5,20
2395,12.75,36.75,20
2396,12.75,37.0,20
2397,12.75,37.25,20
2398,12.75,37.5,20
2399,12.75,37.75,20
2400,12.75,38.0,20
2401,12.75,38.25,20
2402,12.75,38.5,20
2403,12.75,38.75,20
2404,12.75,39.0,20
2405,12.75,39.25,20
2406,12.75,39.5,20
2407,12.75,39.75,20
2408,12.75,40.0,20
2409,12.75,40.25,20
2410,12.75,40.5,20
2411,12.75,40.75,20
2412,12.75,41.0,20
2413,12.75,41.25,20
2414,12.75,41.5,20
2415,12.75,41.75,20
2416,12.75,42.0,20
2417,12.75,42.25,20
2418,12.75,42.5,20
2419,12.75,42.75,20
2420,12.75,43.0,20
2421,12.75,43.25,20
2422,12.75,43.5,20
2423,12.75,43.75,20
2424,12.75,44.0,20
2425,12.75,44.25,20
2426,12.75,44.5,20
2427,12.75,44.75,20
2428,12.75,45.0,20
2429,12.75,45.25,20
2430,12.75,45.5,20
2431,12.75,45.75,20
2432,12.75,46.0,20
2433,12.75,46.25,20
2434,12.75,46.5,20
2435,12.75,46.75,20
2436,12.75,47.0,20
2437,12.75,47.25,20
2438,12.75,47.5,20
2439,12.75,47.75,20
2440,12.75,48.0,20
2441,13.0,33.0,20
2442,13.0,33.25,20
2443,13.0,33.5,20
2444,13.0,33.75,20
2445,13.0,34.0,20
2446,13.0,34.25,20
2447,13.0,34.5,20
2448,13.0,34.75,20
2449,13.0,35.0,20
2450,13.0,35.25,20
2451,13.0,35.5,20
2452,13.0,35.75,20
2453,13.0,36.0,20
2454,13.0,36.25,20
2455,13.0,36.5,20
2456,13.0,36.75,20
2457,13.0,37.0,20
2458,13.0,37.25,20
2459,13.0,37.5,20
2460,13.0,37.75,20
2461,13.0,38.0,20
2462,13.0,38.25,20
2463,13.0,38.5,20
2464,13.0,38.75,20
2465,13.0,39.0,20
2466,13.0,39.25,20
2467,13.0,39.5,20
2468,13.0,39.75,20
2469,13.0,40.0,20
2470,13.0,40.25,20
2471,13.0,40.5,20
2472,13.0,40.75,20
2473,13.0,41.0,20
2474,13.0,41.25,20
2475,13.0,41.5,20
2476,13.0,41.75,20
2477,13.0,42.0,20
2478,13.0,42.25,20
2479,13.0,42.5,20
2480,13.0,42.75,20
2481,13.0,43.0,20
2482,13.0,43.25,20
2483,13.0,43.5,20
2484,13.0,43.75,20
2485,13.0,44.0,20
2486,13.0,44.25,20
2487,13.0,44.5,20
2488,13.0,44.75,20
2489,13.0,45.0,20
2490,13.0,45.25,20
2491,13.0,45.5,20
2492,13.0,45.75,20
2493,13.0,46.0,20
2494,13.0,46.25,20
2495,13.0,46.5,20
2496,13.0,46.75,20
2497,13.0,47.0,20
2498,13.0,47.25,20
2499,13.0,47.5,20
2500,13.0,47.75,20
2501,13.0,48.0,20
2502,13.25,33.0,20
2503,13.25,33.25,20
2504,13.25,33.5,20
2505,13.25,33.75,20
2506,13.25,34.0,20
2507,13.25,34.25,20
2508,13.25,34.5,20
2509,13.25,34.75,20
2510,13.25,35.0,20
2511,13.25,35.25,20
2512,13.25,35.5,20
2513,13.25,35.75,20
2514,13.25,36.0,20
2515,13.25,36.25,20
2516,13.25,36.5,20
2517,13.25,36.75,20
2518,13.25,37.0,20
2519,13.25,37.25,20
2520,13.25,37.5,20
2521,13.25,37.75,20
2522,13.25,38.0,20
2523,13.25,38.25,20
2524,13.25,38.5,20
2525,13.25,38.75,20
2526,13.25,39.0,20
2527,13.25,39.25,20
2528,13.25,39.5,20
2529,13.25,39.75,20
2530,13.25,40.0,20
2531,13.25,40.25,20
2532,13.25,40.5,20
2533,13.25,40.75,20
2534,13.25,41.0,20
2535,13.25,41.25,20
2536,13.25,41.5,20
2537,13.25,41.75,20
2538,13.25,42.0,20
2539,13.25,42.25,20
2540,13.25,42.5,20
2541,13.25,42.75,20
2542,13.25,43.0,20
2543,13.25,43.25,20
2544,13.25,43.5,20
2545,13.25,43.75,20
2546,13.25,44.0,20
2547,13.25,44.25,20
2548,13.25,44.5,20
2549,13.25,44.75,20
2550,13.25,45.0,20
2551,13.25,45.25,20
2552,13.25,45.5,20
2553,13.25,45.75,20
2554,13.25,46.0,20
2555,13.25,46.25,20
2556,13.25,46.5,20
2557,13.25,46.75,20
2558,13.25,47.0,20
2559,13.25,47.25,20
2560,13.25,47.5,20
2561,13.25,47.75,20
2562,13.25,48.0,20
2563,13.5,33.0,20
2564,13.5,33.25,20
2565,13.5,33.5,20
2566,13.5,33.75,20
2567,13.5,34.0,20
2568,13.5,34.25,20
2569,13.5,34.5,20
2570,13.5,34.75,20
2571,13.5,35.0,20
2572,13.5,35.25,20
2573,13.5,35.5,20
2574,13.5,35.75,20
2575,13.5,36.0,20
2576,13.5,36.25,20
2577,13.5,36.5,20
2578,13.5,36.75,20
2579,13.5,37.0,20
2580,13.5,37.25,20
2581,13.5,37.5,20
2582,13.5,37.75,20
2583,13.5,38.0,20
2584,13.5,38.25,20
2585,13.5,38.5,20
2586,13.5,38.75,20
2587,13.5,39.0,20
2588,13.5,39.25,20
2589,13.5,39.5,20
2590,13.5,39.75,20
2591,13.5,40.0,20
2592,13.5,40.25,20
2593,13.5,40.5,20
2594,13.5,40.75,20
2595,13.5,41.0,20
2596,13.5,41.25,20
2597,13.5,41.5,20
2598,13.5,41.75,20
2599,13.5,42.0,20
2600,13.5,42.25,20
2601,13.5,42.5,20
2602,13.5,42.75,20
2603,13.5,43.0,20
2604,13.5,43.25,20
2605,13.5,43.5,20
2606,13.5,43.75,20
2607,13.5,44.0,20
2608,13.5,44.25,20
2609,13.5,44.5,20
2610,13.5,44.75,20
2611,13.5,45.0,20
2612,13.5,45.25,20
2613,13.5,45.5,20
2614,13.5,45.75,20
2615,13.5,46.0,20
2616,13.5,46.25,20
2617,13.5,46.5,20
2618,13.5,46.75,20
2619,13.5,47.0,20
2620,13.5,47.25,20
2621,13.5,47.5,20
2622,13.5,47.75,20
2623,13.5,48.0,20
2624,13.75,33.0,20
2625,13.75,33.25,20
2626,13.75,33.5,20
2627,13.75,33.75,20
2628,13.75,34.0,20
2629,13.75,34.25,20
2630,13.75,34.5,20
2631,13.75,34.75,20
2632,13.75,35.0,20
2633,13.75,35.25,20
2634,13.75,35.5,20
2635,13.75,35.75,20
2636,13.75,36.0,20
2637,13.75,36.25,20
2638,13.75,36.5,20
2639,13.75,36.75,20
2640,13.75,37.0,20
2641,13.75,37.25,20
2642,13.75,37.5,20
2643,13.75,37.75,20
2644,13.75,38.0,20
2645,13.75,38.25,20
2646,13.75,38.5,20
2647,13.75,38.75,20
2648,13.75,39.0,20
2649,13.75,39.25,20
2650,13.75,39.5,20
2651,13.75,39.75,20
2652,13.75,40.0,20
2653,13.75,40.25,20
2654,13.75,40.5,20
2655,13.75,40.75,20
2656,13.75,41.0,20
2657,13.75,41.25,20
2658,13.75,41.5,20
2659,13.75,41.75,20
2660,13.75,42.0,20
2661,13.75,42.25,20
2662,13.75,42.5,20
2663,13.75,42.75,20
2664,13.75,43.0,20
2665,13.75,43.25,20
2666,13.75,43.5,20
2667,13.75,43.75,20
2668,13.75,44.0,20
2669,13.75,44.25,20
2670,13.75,44.5,20
2671,13.75,44.75,20
2672,13.75,45.0,20
2673,13.75,45.25,20
2674,13.75,45.5,20
2675,13.75,45.75,20
2676,13.75,46.0,20
2677,13.75,46.25,20
2678,13.75,46.5,20
2679,13.75,46.75,20
2680,13.75,47.0,20
2681,13.75,47.25,20
2682,13.75,47.5,20
2683,13.75,47.75,20
2684,13.75,48.0,20
2685,14.0,33.0,20
2686,14.0,33.25,20
2687,14.0,33.5,20
2688,14.0,33.75,20
2689,14.0,34.0,20
2690,14.0,34.25,20
2691,14.0,34.5,20
2692,14.0,34.75,20
2693,14.0,35.0,20
2694,14.0,35.25,20
2695,14.0,35.5,20
2696,14.0,35.75,20
2697,14.0,36.0,20
2698,14.0,36.25,20
2699,14.0,36.5,20
2700,14.0,36.75,20
2701,14.0,37.0,20
2702,14.0,37.25,20
2703,14.0,37.5,20
2704,14.0,37.75,20
2705,14.0,38.0,20
2706,14.0,38.25,20
2707,14.0,38.5,20
2708,14.0,38.75,20
2709,14.0,39.0,20
2710,14.0,39.25,20
2711,14.0,39.5,20
2712,14.0,39.75,20
2713,14.0,40.0,20
2714,14.0,40.25,20
2715,14.0,40.5,20
2716,14.0,40.75,20
2717,14.0,41.0,20
2718,14.0,41.25,20
2719,14.0,41.5,20
2720,14.0,41.75,20
2721,14.0,42.0,20
2722,14.0,42.25,20
2723,14.0,42.5,20
2724,14.0,42.75,20
2725,14.0,43.0,20
2726,14.0,43.25,20
2727,14.0,43.5,20
2728,14.0,43.75,20
2729,14.0,44.0,20
2730,14.0,44.25,20
2731,14.0,44.5,20
2732,14.0,44.75,20
2733,14.0,45.0,20
2734,14.0,45.25,20
2735,14.0,45.5,20
2736,14.0,45.75,20
2737,14.0,46.0,20
2738,14.0,46.25,20
2739,14.0,46.5,20
2740,14.0,46.75,20
2741,14.0,47.0,20
2742,14.0,47.25,20
2743,14.0,47.5,20
2744,14.0,47.75,20
2745,14.0,48.0,20
2746,14.25,33.0,20
2747,14.25,33.25,20
2748,14.25,33.5,20
2749,14.25,33.75,20
2750,14.25,34.0,20
2751,14.25,34.25,20
2752,14.25,34.5,20
2753,14.25,34.75,20
2754,14.25,35.0,20
2755,14.25,35.25,20
2756,14.25,35.5,20
2757,14.25,35.75,20
2758,14.25,36.0,20
2759,14.25,36.25,20
2760,14.25,36.5,20
2761,14.25,36.75,20
2762,14.25,37.0,20
2763,14.25,37.25,20
2764,14.25,37.5,20
2765,14.25,37.75,20
2766,14.25,38.0,20
2767,14.25,38.25,20
2768,14.25,38.5,20
2769,14.25,38.75,20
2770,14.25,39.0,20
2771,14.25,39.25,20
2772,14.25,39.5,20
2773,14.25,39.75,20
2774,14.25,40.0,20
2775,14.25,40.25,20
2776,14.25,40.5,20
2777,14.25,40.75,20
2778,14.25,41.0,20
2779,14.25,41.25,20
2780,14.25,41.5,20
2781,14.25,41.75,20
2782,14.25,42.0,20
2783,14.25,42.25,20
2784,14.25,42.5,20
2785,14.25,42.75,20
2786,14.25,43.0,20
2787,14.25,43.25,20
2788,14.25,43.5,20
2789,14.25,43.75,20
2790,14.25,44.0,20
2791,14.25,44.25,20
2792,14.25,44.5,20
2793,14.25,44.75,20
2794,14.25,45.0,20
2795,14.25,45.25,20
2796,14.25,45.5,20
2797,14.25,45.75,20
2798,14.25,46.0,20
2799,14.25,46.25,20
2800,14.25,46.5,20
2801,14.25,46.75,20
2802,14.25,47.0,20
2803,14.25,47.25,20
2804,14.25,47.5,20
2805,14.25,47.75,20
2806,14.25,48.0,20
2807,14.5,33.0,20
2808,14.5,33.25,20
2809,14.5,33.5,20
2810,14.5,33.75,20
2811,14.5,34.0,20
2812,14.5,34.25,20
2813,14.5,34.5,20
2814,14.5,34.75,20
2815,14.5,35.0,20
2816,14.5,35.25,20
2817,14.5,35.5,20
2818,14.5,35.75,20
2819,14.5,36.0,20
2820,14.5,36.25,20
2821,14.5,36.5,20
2822,14.5,36.75,20
2823,14.5,37.0,20
2824,14.5,37.25,20
2825,14.5,37.5,20
2826,14.5,37.75,20
2827,14.5,38.0,20
2828,14.5,38.25,20
2829,14.5,38.5,20
2830,14.5,38.75,20
2831,14.5,39.0,20
2832,14.5,39.25,20
2833,14.5,39.5,20
2834,14.5,39.75,20
2835,14.5,40.0,20
2836,14.5,40.25,20
2837,14.5,40.5,20
2838,14.5,40.75,20
2839,14.5,41.0,20
2840,14.5,41.25,20
2841,14.5,41.5,20
2842,14.5,41.75,20
2843,14.5,42.0,20
2844,14.5,42.25,20
2845,14.5,42.5,20
2846,14.5,42.75,20
2847,14.5,43.0,20
2848,14.5,43.25,20
2849,14.5,43.5,20
2850,14.5,43.75,20
2851,14.5,44.0,20
2852,14.5,44.25,20
2853,14.5,44.5,20
2854,14.5,44.75,20
2855,14.5,45.0,20
2856,14.5,45.25,20
2857,14.5,45.5,20
2858,14.5,45.75,20
2859,14.5,46.0,20
2860,14.5,46.25,20
2861,14.5,46.5,20
2862,14.5,46.75,20
2863,14.5,47.0,20
2864,14.5,47.25,20
2865,14.5,47.5,20
2866,14.5,47.75,20
2867,14.5,48.0,20
2868,14.75,33.0,20
2869,14.75,33.25,20
2870,14.75,33.5,20
2871,14.75,33.75,20
2872,14.75,34.0,20
2873,14.75,34.25,20
2874,14.75,34.5,20
2875,14.75,34.75,20
2876,14.75,35.0,20
2877,14.75,35.25,20
2878,14.75,35.5,20
2879,14.75,35.75,20
2880,14.75,36.0,20
2881,14.75,36.25,20
2882,14.75,36.5,20
2883,14.75,36.75,20
2884,14.75,37.0,20
2885,14.75,37.25,20
2886,14.75,37.5,20
2887,14.75,37.75,20
2888,14.75,38.0,20
2889,14.75,38.25,20
2890,14.75,38.5,20
2891,14.75,38.75,20
2892,14.75,39.0,20
2893,14.75,39.25,20
2894,14.75,39.5,20
2895,14.75,39.75,20
2896,14.75,40.0,20
2897,14.75,40.25,20
2898,14.75,40.5,20
2899,14.75,40.75,20
2900,14.75,41.0,20
2901,14.75,41.25,20
2902,14.75,41.5,20
2903,14.75,41.75,20
2904,14.75,42.0,20
2905,14.75,42.25,20
2906,14.75,42.5,20
2907,14.75,42.75,20
2908,14.75,43.0,20
2909,14.75,43.25,20
2910,14.75,43.5,20
2911,14.75,43.75,20
2912,14.75,44.0,20
2913,14.75,44.25,20
2914,14.75,44.5,20
2915,14.75,44.75,20
2916,14.75,45.0,20
2917,14.75,45.25,20
2918,14.75,45.5,20
2919,14.75,45.75,20
2920,14.75,46.0,20
2921,14.75,46.25,20
2922,14.75,46.5,20
2923,14.75,46.75,20
2924,14.75,47.0,20
2925,14.75,47.25,20
2926,14.75,47.5,20
2927,14.75,47.75,20
2928,14.75,48.0,20
2929,15.0,33.0,20
2930,15.0,33.25,20
2931,15.0,33.5,20
2932,15.0,33.75,20
2933,15.0,34.0,20
2934,15.0,34.25,20
2935,15.0,34.5,20
2936,15.0,34.75,20
2937,15.0,35.0,20
2938,15.0,35.25,20
2939,15.0,35.5,20
2940,15.0,35.75,20
2941,15.0,36.0,20
2942,15.0,36.25,20
2943,15.0,36.5,20
2944,15.0,36.75,20
2945,15.0,37.0,20
2946,15.0,37.25,20
2947,15.0,37.5,20
2948,15.0,37.75,20
2949,15.0,38.0,20
2950,15.0,38.25,20
2951,15.0,38.5,20
2952,15.0,38.75,20
2953,15.0,39.0,20
2954,15.0,39.25,20
2955,15.0,39.5,20
2956,15.0,39.75,20
2957,15.0,40.0,20
2958,15.0,40.25,20
2959,15.0,40.5,20
2960,15.0,40.75,20
2961,15.0,41.0,20
2962,15.0,41.25,20
2963,15.0,41.5,20
2964,15.0,41.75,20
2965,15.0,42.0,20
2966,15.0,42.25,20
2967,15.0,42.5,20
2968,15.0,42.75,20
2969,15.0,43.0,20
2970,15.0,43.25,20
2971,15.0,43.5,20
2972,15.0,43.75,20
2973,15.0,44.0,20
2974,15.0,44.25,20
2975,15.0,44.5,20
2976,15.0,44.75,20
2977,15.0,45.0,20
2978,15.0,45.25,20
2979,15.0,45.5,20
2980,15.0,45.75,20
2981,15.0,46.0,20
2982,15.0,46.25,20
2983,15.0,46.5,20
2984,15.0,46.75,20
2985,15.0,47.0,20
2986,15.0,47.25,20
2987,15.0,47.5,20
2988,15.0,47.75,20
2989,15.0,48.0,20
